Player,Team
Chris Boucher,Boston Celtics
Jaylen Brown,Boston Celtics
Luka Garza,Boston Celtics
Hugo Gonzalez,Boston Celtics
Hayden Gray,Boston Celtics
Sam Hauser,Boston Celtics
RJ Luis,Boston Celtics
Josh Minott,Boston Celtics
Miles Norris,Boston Celtics
Payton Pritchard,Boston Celtics
Neemias Queta,Boston Celtics
Baylor Scheierman,Boston Celtics
Max Shulga,Boston Celtics
Anfernee Simons,Boston Celtics
Jayson Tatum,Boston Celtics
Xavier Tillman,Boston Celtics
Jordan Walsh,Boston Celtics
Derrick White,Boston Celtics
Amari Williams,Boston Celtics
Nic Claxton,Brooklyn Nets
Noah Clowney,Brooklyn Nets
Egor Demin,Brooklyn Nets
Tyson Etienne,Brooklyn Nets
Tosan Evbuomwan,Brooklyn Nets
Haywood Highsmith,Brooklyn Nets
Keon Johnson,Brooklyn Nets
Terance Mann,Brooklyn Nets
Tyrese Martin,Brooklyn Nets
Michael Porter,Brooklyn Nets
Drake Powell,Brooklyn Nets
Ben Saraf,Brooklyn Nets
Drew Timme,Brooklyn Nets
Nolan Traore,Brooklyn Nets
Dariq Whitehead,Brooklyn Nets
Jalen Wilson,Brooklyn Nets
Danny Wolf,Brooklyn Nets
OG Anunoby,New York Knicks
Mikal Bridges,New York Knicks
Jalen Brunson,New York Knicks
Jordan Clarkson,New York Knicks
Pacome Dadiet,New York Knicks
Mohamed Diawara,New York Knicks
Josh Hart,New York Knicks
Ariel Hukporti,New York Knicks
Tyler Kolek,New York Knicks
Miles McBride,New York Knicks
Kevin McCullar,New York Knicks
Mitchell Robinson,New York Knicks
Karl-Anthony Towns,New York Knicks
Guerschon Yabusele,New York Knicks
Dominick Barlow,Philadelphia 76ers
Adem Bona,Philadelphia 76ers
Johni Broome,Philadelphia 76ers
Andre Drummond,Philadelphia 76ers
VJ Edgecombe,Philadelphia 76ers
Justin Edwards,Philadelphia 76ers
Joel Embiid,Philadelphia 76ers
Paul George,Philadelphia 76ers
Eric Gordon,Philadelphia 76ers
Kyle Lowry,Philadelphia 76ers
Tyrese Maxey,Philadelphia 76ers
Jared McCain,Philadelphia 76ers
Igor Milicic,Philadelphia 76ers
Kelly Oubre,Philadelphia 76ers
Hunter Sallis,Philadelphia 76ers
Jabari Walker,Philadelphia 76ers
Trendon Watford,Philadelphia 76ers
Ochai Agbaji,Toronto Raptors
Scottie Barnes,Toronto Raptors
RJ Barrett,Toronto Raptors
Jamison Battle,Toronto Raptors
Ulrich Chomche,Toronto Raptors
Gradey Dick,Toronto Raptors
Chucky Hepburn,Toronto Raptors
Brandon Ingram,Toronto Raptors
A.J. Lawson,Toronto Raptors
Sandro Mamukelashvili,Toronto Raptors
Alijah Martin,Toronto Raptors
Jonathan Mogbo,Toronto Raptors
Collin Murray-Boyles,Toronto Raptors
Jakob Poeltl,Toronto Raptors
Immanuel Quickley,Toronto Raptors
David Roddy,Toronto Raptors
Olivier Sarr,Toronto Raptors
Jamal Shead,Toronto Raptors
Garrett Temple,Toronto Raptors
Ja'Kobe Walter,Toronto Raptors
Matas Buzelis,Chicago Bulls
Jevon Carter,Chicago Bulls
Zach Collins,Chicago Bulls
Ayo Dosunmu,Chicago Bulls
Noa Essengue,Chicago Bulls
Caleb Grill,Chicago Bulls
Kevin Huerter,Chicago Bulls
Tre Jones,Chicago Bulls
Yuki Kawamura,Chicago Bulls
Emanuel Miller,Chicago Bulls
Isaac Okoro,Chicago Bulls
Lachlan Olbrich,Chicago Bulls
Julian Phillips,Chicago Bulls
Wooga Poplar,Chicago Bulls
Jalen Smith,Chicago Bulls
Dalen Terry,Chicago Bulls
Nikola Vucevic,Chicago Bulls
Coby White,Chicago Bulls
Patrick Williams,Chicago Bulls
Jarrett Allen,Cleveland Cavaliers
Lonzo Ball,Cleveland Cavaliers
Darius Garland,Cleveland Cavaliers
De'Andre Hunter,Cleveland Cavaliers
Sam Merrill,Cleveland Cavaliers
Donovan Mitchell,Cleveland Cavaliers
Evan Mobley,Cleveland Cavaliers
Larry Nance,Cleveland Cavaliers
Craig Porter,Cleveland Cavaliers
Tyrese Proctor,Cleveland Cavaliers
Max Strus,Cleveland Cavaliers
Nae'Qwan Tomlin,Cleveland Cavaliers
Luke Travers,Cleveland Cavaliers
Jaylon Tyson,Cleveland Cavaliers
Dean Wade,Cleveland Cavaliers
Cade Cunningham,Detroit Pistons
Jalen Duren,Detroit Pistons
Javonte Green,Detroit Pistons
Tobias Harris,Detroit Pistons
Ronald Holland,Detroit Pistons
Jaden Ivey,Detroit Pistons
Daniss Jenkins,Detroit Pistons
Colby Jones,Detroit Pistons
Bobi Klintman,Detroit Pistons
Chaz Lanier,Detroit Pistons
Caris LeVert,Detroit Pistons
Paul Reed,Detroit Pistons
Duncan Robinson,Detroit Pistons
Marcus Sasser,Detroit Pistons
Tolu Smith,Detroit Pistons
Isaiah Stewart,Detroit Pistons
Ausar Thompson,Detroit Pistons
Tony Bradley,Indiana Pacers
RayJ Dennis,Indiana Pacers
Johnny Furphy,Indiana Pacers
Tyrese Haliburton,Indiana Pacers
Jay Huff,Indiana Pacers
Isaiah Jackson,Indiana Pacers
Quenton Jackson,Indiana Pacers
Kam Jones,Indiana Pacers
Bennedict Mathurin,Indiana Pacers
T.J. McConnell,Indiana Pacers
Andrew Nembhard,Indiana Pacers
Aaron Nesmith,Indiana Pacers
Taelon Peter,Indiana Pacers
Ben Sheppard,Indiana Pacers
Pascal Siakam,Indiana Pacers
Obi Toppin,Indiana Pacers
Jarace Walker,Indiana Pacers
James Wiseman,Indiana Pacers
Giannis Antetokounmpo,Milwaukee Bucks
Cole Anthony,Milwaukee Bucks
Jamaree Bouyea,Milwaukee Bucks
AJ Green,Milwaukee Bucks
Gary Harris,Milwaukee Bucks
Andre Jackson,Milwaukee Bucks
Kyle Kuzma,Milwaukee Bucks
Chris Livingston,Milwaukee Bucks
Pete Nance,Milwaukee Bucks
Kevin Porter,Milwaukee Bucks
Bobby Portis,Milwaukee Bucks
Taurean Prince,Milwaukee Bucks
Ryan Rollins,Milwaukee Bucks
Mark Sears,Milwaukee Bucks
Jericho Sims,Milwaukee Bucks
Tyler Smith,Milwaukee Bucks
Gary Trent,Milwaukee Bucks
Myles Turner,Milwaukee Bucks
Tamar Bates,Denver Nuggets
Christian Braun,Denver Nuggets
Bruce Brown,Denver Nuggets
Kessler Edwards,Denver Nuggets
Aaron Gordon,Denver Nuggets
Tim Hardaway,Denver Nuggets
DaRon Holmes,Denver Nuggets
Cameron Johnson,Denver Nuggets
Nikola Jokic,Denver Nuggets
Curtis Jones,Denver Nuggets
Spencer Jones,Denver Nuggets
Jamal Murray,Denver Nuggets
Zeke Nnaji,Denver Nuggets
Jalen Pickett,Denver Nuggets
Julian Strawther,Denver Nuggets
Hunter Tyson,Denver Nuggets
Jonas Valanciunas,Denver Nuggets
Peyton Watson,Denver Nuggets
Joan Beringer,Minnesota Timberwolves
Jaylen Clark,Minnesota Timberwolves
Mike Conley,Minnesota Timberwolves
Donte DiVincenzo,Minnesota Timberwolves
Rob Dillingham,Minnesota Timberwolves
Anthony Edwards,Minnesota Timberwolves
Enrique Freeman,Minnesota Timberwolves
Rudy Gobert,Minnesota Timberwolves
Bones Hyland,Minnesota Timberwolves
Joe Ingles,Minnesota Timberwolves
Jaden McDaniels,Minnesota Timberwolves
Leonard Miller,Minnesota Timberwolves
Tristen Newton,Minnesota Timberwolves
Julius Randle,Minnesota Timberwolves
Naz Reid,Minnesota Timberwolves
Terrence Shannon,Minnesota Timberwolves
Rocco Zikarsky,Minnesota Timberwolves
Brooks Barnhizer,Oklahoma City Thunder
Branden Carlson,Oklahoma City Thunder
Alex Caruso,Oklahoma City Thunder
Ousmane Dieng,Oklahoma City Thunder
Luguentz Dort,Oklahoma City Thunder
Shai Gilgeous-Alexander,Oklahoma City Thunder
Isaiah Hartenstein,Oklahoma City Thunder
Chet Holmgren,Oklahoma City Thunder
Isaiah Joe,Oklahoma City Thunder
Ajay Mitchell,Oklahoma City Thunder
Thomas Sorber,Oklahoma City Thunder
Nikola Topic,Oklahoma City Thunder
Cason Wallace,Oklahoma City Thunder
Aaron Wiggins,Oklahoma City Thunder
Jalen Williams,Oklahoma City Thunder
Jaylin Williams,Oklahoma City Thunder
Kenrich Williams,Oklahoma City Thunder
Deni Avdija,Portland Trail Blazers
Toumani Camara,Portland Trail Blazers
Andrew Carr,Portland Trail Blazers
Sidy Cissoko,Portland Trail Blazers
Donovan Clingan,Portland Trail Blazers
Jerami Grant,Portland Trail Blazers
Yang Hansen,Portland Trail Blazers
Scoot Henderson,Portland Trail Blazers
Jrue Holiday,Portland Trail Blazers
Damian Lillard,Portland Trail Blazers
Caleb Love,Portland Trail Blazers
Kris Murray,Portland Trail Blazers
Duop Reath,Portland Trail Blazers
Rayan Rupert,Portland Trail Blazers
Shaedon Sharpe,Portland Trail Blazers
Matisse Thybulle,Portland Trail Blazers
Robert Williams,Portland Trail Blazers
Kyle Anderson,Utah Jazz
Ace Bailey,Utah Jazz
Walter Clayton,Utah Jazz
Isaiah Collier,Utah Jazz
Kyle Filipowski,Utah Jazz
Keyonte George,Utah Jazz
Elijah Harkless,Utah Jazz
Taylor Hendricks,Utah Jazz
Walker Kessler,Utah Jazz
Kevin Love,Utah Jazz
Lauri Markkanen,Utah Jazz
KJ Martin,Utah Jazz
Svi Mykhailiuk,Utah Jazz
Georges Niang,Utah Jazz
Jusuf Nurkic,Utah Jazz
Brice Sensabaugh,Utah Jazz
John Tonje,Utah Jazz
Cody Williams,Utah Jazz
Taran Armstrong,Golden State Warriors
Jimmy Butler,Golden State Warriors
Stephen Curry,Golden State Warriors
Draymond Green,Golden State Warriors
Buddy Hield,Golden State Warriors
Trayce Jackson-Davis,Golden State Warriors
Braxton Key,Golden State Warriors
Kevin Knox,Golden State Warriors
Jonathan Kuminga,Golden State Warriors
Moses Moody,Golden State Warriors
Gary Payton,Golden State Warriors
Brandin Podziemski,Golden State Warriors
Quinten Post,Golden State Warriors
Will Richard,Golden State Warriors
Jackson Rowe,Golden State Warriors
Gui Santos,Golden State Warriors
Pat Spencer,Golden State Warriors
Alex Toohey,Golden State Warriors
Nicolas Batum,LA Clippers
Bradley Beal,LA Clippers
Bogdan Bogdanovic,LA Clippers
Kobe Brown,LA Clippers
Cam Christie,LA Clippers
John Collins,LA Clippers
Kris Dunn,LA Clippers
Trentyn Flowers,LA Clippers
James Harden,LA Clippers
Derrick Jones,LA Clippers
Yanic Konan Niederhauser,LA Clippers
Kawhi Leonard,LA Clippers
Brook Lopez,LA Clippers
Jordan Miller,LA Clippers
Patty Mills,LA Clippers
Chris Paul,LA Clippers
Jason Preston,LA Clippers
Kobe Sanders,LA Clippers
TyTy Washington,LA Clippers
Ivica Zubac,LA Clippers
Deandre Ayton,Los Angeles Lakers
RJ Davis,Los Angeles Lakers
Eric Dixon,Los Angeles Lakers
Luka Doncic,Los Angeles Lakers
Rui Hachimura,Los Angeles Lakers
Jaxson Hayes,Los Angeles Lakers
Bronny James,Los Angeles Lakers
LeBron James,Los Angeles Lakers
Arthur Kaluma,Los Angeles Lakers
Maxi Kleber,Los Angeles Lakers
Dalton Knecht,Los Angeles Lakers
Christian Koloko,Los Angeles Lakers
Jake LaRavia,Los Angeles Lakers
Chris Manon,Los Angeles Lakers
Augustas Marciulionis,Los Angeles Lakers
Austin Reaves,Los Angeles Lakers
Marcus Smart,Los Angeles Lakers
Adou Thiero,Los Angeles Lakers
Jarred Vanderbilt,Los Angeles Lakers
Gabe Vincent,Los Angeles Lakers
Grayson Allen,Phoenix Suns
Devin Booker,Phoenix Suns
Koby Brea,Phoenix Suns
Dillon Brooks,Phoenix Suns
Jared Butler,Phoenix Suns
Ryan Dunn,Phoenix Suns
Rasheer Fleming,Phoenix Suns
Collin Gillespie,Phoenix Suns
Jordan Goodwin,Phoenix Suns
Jalen Green,Phoenix Suns
Nigel Hayes,Phoenix Suns
CJ Huntley,Phoenix Suns
Oso Ighodaro,Phoenix Suns
Isaiah Livers,Phoenix Suns
Khaman Maluach,Phoenix Suns
Royce O'Neale,Phoenix Suns
Nick Richards,Phoenix Suns
Mark Williams,Phoenix Suns
Dylan Cardwell,Sacramento Kings
Devin Carter,Sacramento Kings
Nique Clifford,Sacramento Kings
Terence Davis,Sacramento Kings
DeMar DeRozan,Sacramento Kings
Keon Ellis,Sacramento Kings
Drew Eubanks,Sacramento Kings
Isaac Jones,Sacramento Kings
Zach LaVine,Sacramento Kings
Doug McDermott,Sacramento Kings
Malik Monk,Sacramento Kings
Keegan Murray,Sacramento Kings
Daeqwon Plowden,Sacramento Kings
Maxime Raynaud,Sacramento Kings
Domantas Sabonis,Sacramento Kings
Dario Saric,Sacramento Kings
Dennis Schroder,Sacramento Kings
Isaiah Stevens,Sacramento Kings
Nickeil Alexander-Walker,Atlanta Hawks
Kobe Bufkin,Atlanta Hawks
Dyson Daniels,Atlanta Hawks
N'Faly Dante,Atlanta Hawks
Nikola Djurisic,Atlanta Hawks
Mouhamed Gueye,Atlanta Hawks
Caleb Houstan,Atlanta Hawks
Jalen Johnson,Atlanta Hawks
Luke Kennard,Atlanta Hawks
Vit Krejci,Atlanta Hawks
Eli John N'Diaye,Atlanta Hawks
Asa Newell,Atlanta Hawks
Onyeka Okongwu,Atlanta Hawks
Kristaps Porzingis,Atlanta Hawks
Zaccharie Risacher,Atlanta Hawks
Jacob Toppin,Atlanta Hawks
Keaton Wallace,Atlanta Hawks
Trae Young,Atlanta Hawks
LaMelo Ball,Charlotte Hornets
Miles Bridges,Charlotte Hornets
Pat Connaughton,Charlotte Hornets
Moussa Diabate,Charlotte Hornets
Spencer Dinwiddie,Charlotte Hornets
Josh Green,Charlotte Hornets
Sion James,Charlotte Hornets
DaQuan Jeffries,Charlotte Hornets
Ryan Kalkbrenner,Charlotte Hornets
Kon Knueppel,Charlotte Hornets
Tre Mann,Charlotte Hornets
Liam McNeeley,Charlotte Hornets
Brandon Miller,Charlotte Hornets
Drew Peterson,Charlotte Hornets
Mason Plumlee,Charlotte Hornets
Antonio Reeves,Charlotte Hornets
Tidjane Salaun,Charlotte Hornets
Collin Sexton,Charlotte Hornets
KJ Simpson,Charlotte Hornets
Nick Smith,Charlotte Hornets
Grant Williams,Charlotte Hornets
Bam Adebayo,Miami Heat
Simone Fontecchio,Miami Heat
Myron Gardner,Miami Heat
Vladislav Goldin,Miami Heat
Tyler Herro,Miami Heat
Kasparas Jakucionis,Miami Heat
Jaime Jaquez,Miami Heat
Keshad Johnson,Miami Heat
Nikola Jovic,Miami Heat
Pelle Larsson,Miami Heat
Davion Mitchell,Miami Heat
Norman Powell,Miami Heat
Terry Rozier,Miami Heat
Dru Smith,Miami Heat
Ethan Thompson,Miami Heat
Kel'el Ware,Miami Heat
Andrew Wiggins,Miami Heat
Paolo Banchero,Orlando Magic
Desmond Bane,Orlando Magic
Goga Bitadze,Orlando Magic
Anthony Black,Orlando Magic
Jamal Cain,Orlando Magic
Wendell Carter,Orlando Magic
Tristan da Silva,Orlando Magic
Jett Howard,Orlando Magic
Jonathan Isaac,Orlando Magic
Tyus Jones,Orlando Magic
Noah Penda,Orlando Magic
Jase Richardson,Orlando Magic
Orlando Robinson,Orlando Magic
Jalen Suggs,Orlando Magic
Franz Wagner,Orlando Magic
Moritz Wagner,Orlando Magic
Marvin Bagley,Washington Wizards
Malaki Branham,Washington Wizards
Bub Carrington,Washington Wizards
Justin Champagnie,Washington Wizards
Bilal Coulibaly,Washington Wizards
Kyshawn George,Washington Wizards
Keshon Gilbert,Washington Wizards
Anthony Gill,Washington Wizards
AJ Johnson,Washington Wizards
Tre Johnson,Washington Wizards
Dillon Jones,Washington Wizards
Corey Kispert,Washington Wizards
CJ McCollum,Washington Wizards
Khris Middleton,Washington Wizards
Will Riley,Washington Wizards
Alex Sarr,Washington Wizards
Tristan Vukcevic,Washington Wizards
Jamir Watkins,Washington Wizards
Cam Whitmore,Washington Wizards
Max Christie,Dallas Mavericks
Moussa Cisse,Dallas Mavericks
Matthew Cleveland,Dallas Mavericks
Anthony Davis,Dallas Mavericks
Cooper Flagg,Dallas Mavericks
Daniel Gafford,Dallas Mavericks
Jaden Hardy,Dallas Mavericks
Kyrie Irving,Dallas Mavericks
Miles Kelly,Dallas Mavericks
Dereck Lively,Dallas Mavericks
Naji Marshall,Dallas Mavericks
Caleb Martin,Dallas Mavericks
Ryan Nembhard,Dallas Mavericks
Dwight Powell,Dallas Mavericks
Olivier-Maxence Prosper,Dallas Mavericks
D'Angelo Russell,Dallas Mavericks
Klay Thompson,Dallas Mavericks
P.J. Washington,Dallas Mavericks
Brandon Williams,Dallas Mavericks
Steven Adams,Houston Rockets
Clint Capela,Houston Rockets
Isaiah Crawford,Houston Rockets
JD Davison,Houston Rockets
Kevin Durant,Houston Rockets
Tari Eason,Houston Rockets
Dorian Finney-Smith,Houston Rockets
Jeff Green,Houston Rockets
Kevon Harris,Houston Rockets
Aaron Holiday,Houston Rockets
Cameron Matthews,Houston Rockets
Josh Okogie,Houston Rockets
Alperen Sengun,Houston Rockets
Reed Sheppard,Houston Rockets
Jabari Smith,Houston Rockets
Jae'Sean Tate,Houston Rockets
Amen Thompson,Houston Rockets
Fred VanVleet,Houston Rockets
Santi Aldama,Memphis Grizzlies
Kentavious Caldwell-Pope,Memphis Grizzlies
Brandon Clarke,Memphis Grizzlies
Cedric Coward,Memphis Grizzlies
Zach Edey,Memphis Grizzlies
PJ Hall,Memphis Grizzlies
GG Jackson,Memphis Grizzlies
Jaren Jackson,Memphis Grizzlies
Ty Jerome,Memphis Grizzlies
John Konchar,Memphis Grizzlies
Jock Landale,Memphis Grizzlies
Ja Morant,Memphis Grizzlies
Scotty Pippen,Memphis Grizzlies
Javon Small,Memphis Grizzlies
Cam Spencer,Memphis Grizzlies
Jaylen Wells,Memphis Grizzlies
Vince Williams,Memphis Grizzlies
Trey Alexander,New Orleans Pelicans
Jose Alvarado,New Orleans Pelicans
Saddiq Bey,New Orleans Pelicans
Hunter Dickinson,New Orleans Pelicans
Jeremiah Fears,New Orleans Pelicans
Jordan Hawkins,New Orleans Pelicans
Herbert Jones,New Orleans Pelicans
Kevon Looney,New Orleans Pelicans
Karlo Matkovic,New Orleans Pelicans
Bryce McGowens,New Orleans Pelicans
Yves Missi,New Orleans Pelicans
Trey Murphy,New Orleans Pelicans
Dejounte Murray,New Orleans Pelicans
Micah Peavy,New Orleans Pelicans
Jordan Poole,New Orleans Pelicans
Derik Queen,New Orleans Pelicans
Jaden Springer,New Orleans Pelicans
Zion Williamson,New Orleans Pelicans
Harrison Barnes,San Antonio Spurs
Carter Bryant,San Antonio Spurs
Stephon Castle,San Antonio Spurs
Julian Champagnie,San Antonio Spurs
Adam Flagler,San Antonio Spurs
De'Aaron Fox,San Antonio Spurs
Dylan Harper,San Antonio Spurs
Harrison Ingram,San Antonio Spurs
Keldon Johnson,San Antonio Spurs
David Jones-Garcia,San Antonio Spurs
Luke Kornet,San Antonio Spurs
Jordan McLaughlin,San Antonio Spurs
Riley Minix,San Antonio Spurs
Kelly Olynyk,San Antonio Spurs
Micah Potter,San Antonio Spurs
Jeremy Sochan,San Antonio Spurs
Devin Vassell,San Antonio Spurs
Lindy Waters,San Antonio Spurs
Victor Wembanyama,San Antonio Spurs
